raceId	circuitId	count	mean	std	min	25%	50%	75%	max
1	1	1005.0	97427.74527363184	16128.914510395776	87706.0	89832.0	91080.0	94441.0	185713.0
2	2	554.0	109763.1570397112	14390.635955856571	96641.0	99716.0	100995.0	120215.25	178640.0
3	17	1023.0	128685.07917888563	20246.941049637633	112592.0	116550.0	118722.0	128566.0	238709.0
4	3	1125.0	97834.82488888889	4945.393108248275	94556.0	96040.0	96664.0	97491.0	129178.0
5	4	942.0	89878.92675159236	14542.788933920587	82762.0	84155.75	84940.0	86024.0	146562.0
6	6	1277.0	78432.49882537196	3875.2853721644533	75154.0	76612.0	77254.0	78690.0	116114.0
7	5	1090.0	90473.84587155964	4455.114550341369	87579.0	88763.25	89393.0	90213.0	128919.0
8	9	1146.0	84317.45811518324	4865.586266931412	80735.0	82506.0	83076.0	84000.5	133970.0
9	20	1131.0	97746.69053934571	5137.027523625471	93365.0	95844.0	96766.0	97549.0	167473.0
10	11	1162.0	85345.85456110154	4974.451771214098	81931.0	83698.5	84244.5	84906.75	151967.0
11	12	1085.0	102151.67741935483	6003.779529084417	98683.0	100111.0	100862.0	101836.0	217180.0
12	13	663.0	115552.62745098039	17581.037951830847	107263.0	108503.5	109227.0	111080.5	187956.0
13	14	898.0	88049.08351893096	6248.013607437545	84739.0	85881.25	86615.0	87765.75	168376.0
14	15	1038.0	115520.51734104047	13064.838695226705	108240.0	109856.5	111134.0	113659.0	196823.0
15	22	952.0	100347.66911764706	15881.425867484571	92569.0	94300.75	94991.0	96053.75	180240.0
16	18	1070.0	79104.38504672897	11172.14233481035	73733.0	74868.25	75375.0	76037.0	125888.0
17	24	1025.0	103623.0887804878	5098.887816739672	100279.0	101595.0	102453.0	103386.0	132915.0
18	1	746.0	98557.18230563002	19278.23753714359	87418.0	89514.5	90703.0	93137.75	209104.0
19	2	1019.0	99586.00392541707	5986.463291350571	95366.0	97145.0	98091.0	99490.5	170790.0
20	3	1133.0	97601.39982347749	6146.584150770963	93193.0	95238.0	96057.0	97283.0	143838.0
21	4	1002.0	91046.7624750499	16284.03458958971	81670.0	83264.75	84218.0	86266.5	162313.0
22	5	1004.0	91201.18027888447	9365.519649834452	86506.0	88095.75	88809.0	89613.5	151878.0
23	6	1279.0	96772.89366692728	13697.25957917476	76689.0	88782.0	94382.0	101557.0	194914.0
24	7	1140.0	83696.95350877193	11791.395598497229	77387.0	79604.5	80333.5	81341.25	158997.0
25	8	1340.0	79683.93134328358	4057.791938817597	76630.0	78287.0	78813.0	79475.25	110413.0
26	9	917.0	100905.51908396947	8133.280507069511	92150.0	95937.0	98125.0	102569.0	150481.0
27	10	1263.0	82439.6207442597	12771.233010482274	75987.0	77655.5	78318.0	79532.0	151139.0
28	11	1332.0	84883.7102102102	5676.951807731297	81195.0	82838.0	83618.0	84773.5	161345.0
29	12	1049.0	102130.72640610105	3975.0442938238075	98708.0	100277.0	101109.0	102227.0	143067.0
30	13	814.0	114505.9312039312	8716.951688981006	107930.0	110024.5	111504.0	114283.0	181187.0
31	14	1013.0	99650.07403751234	14833.771673339385	88047.0	94868.0	96612.0	97771.0	322148.0
32	15	1066.0	115775.10131332083	17714.841061649164	105599.0	108345.75	109865.0	112149.0	232983.0
33	16	1053.0	81808.43399810066	5145.562996413489	78426.0	80019.0	80535.0	81563.0	129693.0
34	17	1013.0	99831.40967423495	5455.3562828572685	96325.0	97836.0	98590.0	99469.0	159612.0
35	18	1266.0	80924.80726698262	11703.800968178908	73736.0	75225.75	76288.5	80302.25	136456.0
36	1	1143.0	90397.86964129483	4636.033000542174	85235.0	88323.0	89270.0	90450.0	122011.0
37	2	1085.0	100573.28847926267	5196.9365520931215	96701.0	98514.0	99351.0	100352.0	136192.0
38	3	1034.0	100550.41586073501	16142.852276103878	94067.0	95641.25	96562.0	97799.75	405395.0
39	4	1044.0	86263.06896551725	6293.0155499888315	82680.0	84102.0	84722.5	85797.25	160680.0
40	6	1524.0	79119.62926509186	3478.3153926583755	75284.0	77590.0	78232.0	79685.0	104480.0
41	7	1192.0	89093.85738255034	17889.46415598319	76367.0	78834.25	80223.0	87751.25	155301.0
42	19	1288.0	76220.01708074534	3889.429125364151	73117.0	74551.0	75355.0	76457.5	109783.0
43	8	1265.0	79237.36205533597	4618.13933709781	76099.0	77617.0	78198.0	79045.0	139632.0
44	9	1080.0	85536.03333333334	17322.740749969085	80638.0	83061.75	84011.0	85014.0	632179.0
45	20	868.0	133666.7534562212	177120.63690995416	92853.0	95034.75	96685.0	109392.25	1453884.0
46	11	1371.0	83614.28884026258	4294.83429025428	80047.0	81780.5	82549.0	83630.5	111147.0
47	5	1212.0	91440.12458745875	7959.6270120064055	87295.0	89382.5	90183.5	91128.5	313638.0
48	14	1062.0	90796.26836158193	15166.191241921555	82871.0	84984.75	85744.0	86837.0	154787.0
49	13	850.0	112448.35058823529	4886.443502496629	108036.0	110051.0	111424.0	112823.25	157259.0
50	16	1307.0	111066.22188217292	31924.094618142215	88193.0	92597.0	96468.0	131867.5	976243.0
51	17	1066.0	107368.81519699813	8252.43845542949	97454.0	101283.5	106180.5	109958.25	191891.0
52	18	1172.0	76832.6023890785	9490.793303741317	72445.0	74292.75	75077.5	76269.0	262997.0
53	3	1100.0	97186.3390909091	20979.688506057697	92408.0	93935.5	94829.5	96580.0	755976.0
54	2	952.0	100348.58403361344	21131.64526052563	94803.0	96612.25	97828.0	100223.5	676839.0
55	1	914.0	101650.96170678338	21432.50966209598	86045.0	88868.0	91339.0	99805.75	230664.0
56	21	1146.0	90413.66928446772	23609.724636086754	84569.0	86472.25	87164.5	88186.0	809130.0
57	20	1023.0	97868.3294232649	9000.456261210602	92099.0	94478.0	95269.0	96758.0	153933.0
58	4	1257.0	80710.33651551313	8448.04212066294	76648.0	78437.0	79317.0	80711.0	329766.0
59	6	1558.0	81079.02310654685	8443.082653989537	75143.0	78200.5	79002.0	80237.25	136067.0
60	9	1075.0	87877.31441860466	12179.473590972248	81599.0	83418.5	84523.0	86485.0	153036.0
61	7	1174.0	82999.8807495741	12375.848811772636	75841.0	78094.25	79110.0	81101.75	250136.0
62	19	794.0	79691.13350125945	13387.619997323933	72719.0	73996.75	74572.0	75881.0	133839.0
63	8	1289.0	80710.2971295578	8944.051514191364	77111.0	78728.0	79476.0	80450.0	360120.0
64	10	1089.0	79954.0945821855	8068.627210943074	76357.0	78004.0	78700.0	79649.0	297225.0
65	11	1098.0	99241.84244080145	13051.877287471083	83516.0	91949.5	96739.0	101360.0	164124.0
66	5	1008.0	95027.45337301587	46248.40533801832	88005.0	90084.25	91152.0	92650.25	1528859.0
67	14	1026.0	86428.36257309941	5508.526482190847	82559.0	84259.5	85249.5	86264.75	157809.0
68	17	1125.0	107412.17422222222	7594.176580031198	97586.0	103062.0	106246.0	109073.0	170744.0
69	22	1068.0	97062.21722846442	4656.551196492	92676.0	94824.0	95857.0	97365.25	131517.0
70	18	1224.0	79271.36274509804	12931.222066630105	72162.0	74141.0	74808.0	76192.75	133061.0
71	1	1056.0	90332.47253787878	4846.383723700526	85683.0	87777.75	88934.0	90555.0	120297.0
72	2	871.0	100239.81859931114	5586.030961898247	95483.0	97533.5	98414.0	100787.5	159036.0
73	3	842.0	96346.62232779097	5666.732980343399	91447.0	93646.25	94495.5	97006.5	136560.0
74	21	985.0	86257.2456852792	5160.411656641373	81858.0	84541.0	85089.0	85813.0	148366.0
75	4	981.0	81753.06625891947	17069.677885029538	75641.0	77409.0	78132.0	80035.0	391146.0
76	6	1209.0	82586.50537634408	9706.393226992157	75842.0	78274.0	79461.0	82332.0	159701.0
77	20	1084.0	95025.27121771217	5333.217602068033	90711.0	92543.25	93490.0	95139.5	136132.0
78	7	1136.0	81664.07834507042	55415.17919101075	74384.0	76395.75	77353.0	79200.0	1921214.0
79	19	432.0	75122.35879629629	4619.020813406109	71497.0	73255.75	74295.5	75042.75	113758.0
80	8	1176.0	80945.98979591837	13500.804754764762	76423.0	78376.25	79148.0	80697.25	510293.0
81	9	1133.0	86659.92850838482	11065.922178236138	80502.0	83058.0	84159.0	85882.0	305023.0
82	10	1275.0	79924.06901960785	22206.49536432346	74873.0	77124.0	77785.0	79216.5	846799.0
83	11	1143.0	86576.21522309711	20266.022746820705	81219.0	83217.5	84130.0	85930.0	585712.0
84	5	1015.0	91744.70935960591	48804.40802485033	84770.0	87083.0	88015.0	90367.5	1617815.0
85	14	1045.0	86136.43732057416	5745.549907585858	81504.0	83824.0	84520.0	85974.0	130507.0
86	13	730.0	126147.69726027397	19317.31236237276	111453.0	118305.5	120211.5	123622.5	229367.0
87	18	1186.0	78639.2065767285	57134.09144912329	72268.0	74131.5	74877.0	76087.5	2022173.0
88	22	909.0	103227.44554455446	20733.715265158	91540.0	93964.0	95326.0	97991.0	335664.0
89	17	996.0	108572.36847389558	24962.464518511784	93242.0	95530.25	97104.0	100916.0	195180.0
90	1	980.0	90808.45714285714	34465.03808519131	84125.0	86967.25	88092.0	90081.5	1150467.0
91	2	1002.0	100015.54391217565	6450.961903862306	94223.0	96597.0	97819.5	100812.25	156658.0
92	3	1055.0	95387.92322274881	10045.33179481463	90252.0	92397.5	93487.0	95065.0	356806.0
93	21	1082.0	85242.71164510166	4895.3682506021905	80411.0	83055.5	83807.0	85148.5	118951.0
94	4	1106.0	81294.19349005425	4716.833800633557	77450.0	79231.75	79949.5	81044.5	109599.0
95	6	905.0	85515.9226519337	16976.021010993478	74439.0	77118.0	79164.0	83804.0	165854.0
96	20	968.0	94672.68388429753	5045.906394653754	89468.0	92156.5	93266.5	94928.0	125378.0
97	7	1154.0	77728.34835355286	5868.059407122399	73622.0	75396.25	76449.5	77600.75	175334.0
98	19	864.0	86033.70370370371	23965.572120908	70399.0	72154.5	73281.0	91667.25	168379.0
99	8	1290.0	78914.17906976744	4156.835530278226	75377.0	76974.5	77637.5	79037.75	106677.0
100	9	1084.0	85765.57287822878	12150.635184930426	78739.0	80939.5	81728.0	84252.5	156583.0
101	10	1202.0	77843.47088186356	5338.549365554311	73780.0	75563.25	76274.0	77652.25	149688.0
102	11	1185.0	84107.86751054852	4991.814764397824	79071.0	81618.0	82521.0	84348.0	121186.0
103	13	613.0	126997.63295269168	34724.72529478185	105108.0	107979.0	109493.0	123930.0	463888.0
104	14	904.0	86690.60398230089	6320.558522097367	81046.0	83560.75	84461.0	86866.0	126256.0
105	17	1008.0	97479.70734126984	5862.386433001225	92238.0	94786.75	95744.0	97600.25	150427.0
106	22	974.0	97773.03798767967	5185.096275184644	92730.0	95054.0	96188.5	97955.5	134620.0
107	18	1232.0	76011.63311688312	6127.277184550991	71473.0	72835.75	73583.0	75911.75	112710.0
108	1	841.0	99997.81688466112	18671.205704232445	87724.0	89788.0	91575.0	99098.0	178163.0
109	2	846.0	101998.90070921986	11855.306077803883	96412.0	98790.25	99837.0	101159.0	335793.0
110	18	777.0	104839.91377091377	23733.881667713766	82032.0	86620.0	90571.0	132601.0	220057.0
111	21	1102.0	86954.64791288566	6018.5411297890905	82491.0	84773.5	85771.5	86752.75	183152.0
112	4	917.0	89375.64994547438	16115.348861659959	80143.0	82218.0	84068.0	85571.0	160693.0
113	70	1076.0	74695.39869888476	10367.230408558842	68337.0	70643.5	71628.5	72738.5	156889.0
114	6	1150.0	80484.47304347825	9888.15226701038	74545.0	76456.0	77579.0	79672.75	140491.0
115	7	1043.0	80029.38734419942	7163.02304555584	76040.0	77735.0	78759.0	80018.5	219296.0
116	20	1085.0	96946.4405529954	5673.43265296475	92621.0	94463.0	95562.0	96933.0	138204.0
117	8	1252.0	79642.01757188498	4598.828127031619	75512.0	77628.0	78505.5	79894.0	119026.0
118	9	1140.0	90055.14385964912	14009.450568437924	82236.0	84691.25	85702.5	87699.75	175466.0
119	10	879.0	82703.95108077361	17604.958409108567	74917.0	77254.0	78454.0	80341.0	423979.0
120	11	1114.0	86829.13734290843	5977.698445721758	82095.0	84365.0	85280.5	87381.5	196623.0
121	14	813.0	86474.21156211563	8143.046724213444	81832.0	83343.0	84474.0	86386.0	191702.0
122	19	1101.0	79481.83923705723	10054.419658246406	71473.0	74068.0	76397.0	80447.0	167667.0
123	22	907.0	98206.5303197354	5960.425970369222	93408.0	95574.0	96286.0	98455.0	163178.0
124	1	562.0	107321.21708185054	54285.46013534461	88541.0	92529.25	95077.5	100144.0	1174484.0
125	2	921.0	104512.2345276873	13500.100037445052	98049.0	101087.0	102204.0	103647.0	344193.0
126	18	1197.0	80097.68421052632	17097.317590433697	76079.0	77575.0	78578.0	79542.0	641546.0
127	21	963.0	88293.34060228453	4439.936684603438	84170.0	86339.5	87305.0	88670.0	129367.0
128	4	913.0	85200.83023001095	5635.843595757385	80355.0	83365.0	83921.0	84530.0	152047.0
129	70	1060.0	80723.66886792453	17477.137479372104	69298.0	71835.75	73243.0	75416.25	137557.0
130	6	1353.0	83429.29637841832	8223.976041464735	78023.0	81228.0	82450.0	83654.0	284091.0
131	7	1273.0	81926.65278868814	11263.23841123326	75960.0	77994.0	79001.0	80457.0	195442.0
132	20	1167.0	97648.16109682948	5920.070392391417	92226.0	95433.0	96400.0	97725.5	174237.0
133	9	922.0	94557.16052060737	10148.948715968158	83083.0	87441.5	91742.5	98027.5	150501.0
134	8	1060.0	78463.07358490567	4895.580706656998	75045.0	76622.25	77556.5	78315.25	171094.0
135	10	1011.0	80844.47774480713	9222.704497905825	76462.0	78457.5	79484.0	80594.5	315810.0
136	11	1350.0	80742.0674074074	4092.017106048576	76207.0	79013.25	79930.0	80933.0	116007.0
137	13	733.0	112631.64256480218	4414.846583790239	107176.0	110587.0	111481.0	112346.0	138288.0
138	14	811.0	88326.60542540075	15515.443861343092	83657.0	86056.0	86897.0	87887.5	510556.0
139	19	1315.0	76293.01977186312	5023.042275785382	72738.0	74658.5	75420.0	76325.0	187383.0
140	22	739.0	100953.98646820027	16122.647802047533	96125.0	98090.0	99150.0	100374.0	509444.0
141	1	913.0	104914.22891566265	23407.87329630042	88214.0	91360.0	93178.0	99580.0	170345.0
142	2	803.0	120450.20547945205	24500.196046116132	100962.0	106142.0	111616.0	121170.5	257968.0
143	18	1119.0	85571.18498659518	17972.74923377921	75693.0	78507.0	79747.0	90454.5	472855.0
144	21	1015.0	90223.0315270936	6274.9444228497505	85524.0	87932.0	89128.0	90325.0	224411.0
145	4	1160.0	85841.19655172413	5456.504385727506	81151.0	83419.0	84398.5	86175.5	140004.0
146	70	1029.0	76860.57628765792	16056.538030065967	70843.0	72662.0	73783.0	75498.0	446036.0
147	6	1130.0	85217.3831858407	22486.889161827912	79424.0	82248.25	83351.5	85151.25	753601.0
148	7	957.0	84126.5329153605	13694.679650213811	77205.0	80042.0	80741.0	82011.0	342697.0
149	20	1255.0	81971.89641434263	4554.7407516367275	78354.0	80341.0	81232.0	81932.5	123022.0
150	8	1326.0	79643.7156862745	4647.587492315485	76088.0	77950.75	78820.5	79750.5	172275.0
151	9	984.0	88000.1361788618	4702.913287676685	83405.0	85907.25	87069.5	88333.25	130352.0
152	10	656.0	106369.78658536586	5504.68467777337	101808.0	104207.25	105132.0	106075.0	152927.0
153	11	1306.0	82345.48468606432	30436.492618610868	76723.0	79366.25	80540.0	82049.0	1169677.0
154	13	510.0	116570.86470588236	13467.655087334399	109758.0	112990.25	114199.0	116427.75	368912.0
155	14	868.0	89274.42396313364	5213.327024938318	85073.0	87212.0	88329.0	89394.0	163579.0
156	19	1324.0	77606.37688821752	5082.0270917468815	74448.0	75949.0	76715.5	77755.75	173435.0
157	22	1002.0	101900.90119760479	7059.844608440277	96450.0	98862.75	100054.0	102002.25	188867.0
158	1	863.0	99751.7056778679	17637.174161690236	91481.0	94119.0	95047.0	96775.0	381969.0
159	18	974.0	78847.16016427104	4634.9758814250545	74755.0	77030.0	78026.5	79070.75	139655.0
160	21	1068.0	90917.89700374533	5885.716335524424	86523.0	89099.5	89903.0	90689.25	192437.0
161	9	1169.0	90448.9255774166	5132.745081068269	86217.0	88662.0	89317.0	90185.0	170202.0
162	4	1135.0	88307.3462555066	5011.829825709457	84470.0	86514.0	87277.0	87896.0	134527.0
163	20	1037.0	93619.7531340405	7636.528395111607	82269.0	90881.0	93206.0	94789.0	141481.0
164	6	1139.0	85511.05443371378	4481.875533867104	81571.0	83893.5	84784.0	85915.0	165302.0
165	7	1292.0	88222.34752321981	10497.981203180965	79049.0	81610.0	82690.0	96482.75	261594.0
166	8	1297.0	83375.03777949113	4250.651654756474	79479.0	81768.0	82603.0	83438.0	138601.0
167	70	1082.0	76906.97966728281	16546.09784068491	71783.0	73885.25	74575.0	75663.25	564047.0
168	10	784.0	114235.45790816327	14779.889199921468	104300.0	107484.75	108256.5	117828.75	195109.0
169	11	1475.0	84592.69966101694	9019.210785389268	80028.0	82278.5	83344.0	84686.0	294917.0
170	13	828.0	123424.7850241546	17303.48821791544	113803.0	116299.5	117959.0	123090.0	224570.0
171	14	669.0	103042.18385650225	27632.584207193562	85595.0	87616.0	88710.0	106028.0	337100.0
172	19	1244.0	81014.95176848874	7604.3017886962425	74711.0	76629.75	77735.5	83750.5	135023.0
173	22	1006.0	104520.1630218688	5747.45769064338	99189.0	101732.0	103213.5	105039.75	184098.0
174	2	915.0	104917.29508196721	10268.230216941227	98543.0	101228.0	102316.0	103819.5	166981.0
175	1	740.0	102112.6608108108	14679.22407383404	92112.0	94980.75	96458.5	99295.5	169179.0
176	18	1028.0	82739.11575875487	10499.232117107626	78448.0	80125.75	81341.0	82381.25	328467.0
177	21	934.0	93189.25802997859	7881.6068598518295	88547.0	90954.25	91897.0	93074.5	279926.0
178	6	1122.0	86060.88057040998	3637.416436161697	82259.0	84154.5	85120.0	86790.25	125301.0
179	4	1114.0	88875.99281867145	5182.180899665472	84982.0	87026.25	87880.5	88857.5	193764.0
180	7	957.0	89516.00835945664	15951.829839290769	80382.0	82424.0	83752.0	85880.0	282892.0
181	8	1078.0	98496.07235621521	21011.89435029333	79227.0	82840.25	93903.0	98409.25	253789.0
182	9	1066.0	94030.67260787993	9530.454870676926	88309.0	90463.0	91476.0	92606.5	159399.0
183	70	1286.0	76098.6197511664	9347.684127312725	72107.0	74235.0	74948.5	75997.5	377189.0
184	10	643.0	110625.74027993779	4635.463597046494	105270.0	108598.0	109445.0	110758.0	152486.0
185	11	1458.0	84415.07270233196	3979.822601721851	80699.0	82644.25	83624.0	84600.0	118218.0
186	13	849.0	119180.42991755006	5974.724273862297	113955.0	116832.0	117749.0	119165.0	232416.0
187	14	811.0	88680.92108508015	7676.077072849949	85579.0	86704.5	87256.0	88422.5	258071.0
188	20	1006.0	94577.64910536779	15050.997948075381	81282.0	84531.75	86923.5	99671.5	159456.0
189	2	786.0	105806.88676844783	16303.591738734769	100267.0	102747.25	103597.0	105405.25	504090.0
190	22	926.0	106191.98056155507	4853.388945786356	101319.0	104202.25	105007.0	106177.75	136355.0
191	1	713.0	97903.0701262272	8007.4212699190375	91649.0	95456.0	96470.0	97763.0	213827.0
192	18	1148.0	82933.06794425087	3991.8561880712427	79337.0	81072.25	82042.5	83303.0	114315.0
193	25	1289.0	92765.50349107836	4896.566018811492	88179.0	90373.0	91562.0	93490.0	148830.0
194	21	902.0	93979.56762749446	5819.914908487607	89345.0	91440.75	92586.0	94491.75	150320.0
195	4	1159.0	88617.77480586713	5248.975857853128	84275.0	86708.5	87645.0	88714.0	188069.0
196	6	1177.0	87478.9940526763	7942.006129093355	82948.0	85390.0	86739.0	87983.0	330053.0
197	7	888.0	91242.9222972973	22904.736264880703	79379.0	82713.25	83933.0	85842.0	546038.0
198	8	1371.0	82264.04522246536	6117.988745965757	77523.0	80096.5	81154.0	82536.5	213452.0
199	9	959.0	108235.0385818561	16581.141885752677	95704.0	100526.0	104038.0	108084.5	382273.0
200	70	997.0	78521.02708124374	10123.350057258516	72878.0	74891.0	75970.0	76908.0	199888.0
201	10	840.0	109460.43214285714	6731.060738666585	106116.0	107328.5	108147.0	109673.75	267303.0
202	11	1330.0	84199.28270676691	4760.304290728984	79286.0	81948.5	83321.5	84707.0	156160.0
203	13	467.0	145076.64239828693	55404.326761464756	123766.0	132392.0	134911.0	142345.0	957277.0
204	14	876.0	90119.74200913242	14745.561164449033	85139.0	87397.25	88546.0	89944.0	484875.0
205	20	1251.0	85122.82254196642	20714.74342743553	80450.0	82570.0	83727.0	84778.5	794653.0
206	22	808.0	105138.19801980197	4467.049744570453	100190.0	103101.0	103919.5	105812.75	132601.0
207	1	778.0	96326.91902313624	14937.439182663697	90585.0	93131.0	94628.5	96089.0	421524.0
208	18	1361.0	81519.0484937546	7166.172569727666	78397.0	79609.0	80453.0	81124.0	262641.0
209	25	1058.0	95692.04253308129	15490.17291717125	87981.0	90084.5	91198.0	92796.25	198402.0
210	21	897.0	90288.22408026755	4863.574020428531	85531.0	87897.0	89131.0	90718.0	141169.0
211	6	771.0	119601.46692607003	8105.006827104538	113315.0	116370.0	117811.0	119924.5	271389.0
212	4	1190.0	86331.24285714286	4848.422096404859	82242.0	84186.0	85249.0	86311.25	143021.0
213	7	796.0	87191.92462311558	13712.889914534706	79635.0	82077.0	83269.5	84617.25	205425.0
214	8	1187.0	83838.60741364786	7385.249397751839	77910.0	80187.5	81206.0	82977.5	148104.0
215	9	1024.0	91178.6669921875	10561.555743072222	84475.0	87393.5	88232.0	89840.5	174856.0
216	10	655.0	109984.96030534351	6518.903682496276	105747.0	107557.0	108369.0	110272.5	196256.0
217	11	1297.0	83373.5034695451	4890.484999888199	78372.0	81480.0	82220.0	83303.0	148207.0
218	13	791.0	132219.6422250316	27058.000466596124	112692.0	117486.0	123044.0	136385.5	437359.0
219	14	948.0	88592.76371308017	5550.073872723135	84808.0	86632.5	87395.5	88265.75	190004.0
220	70	1275.0	74986.25333333333	4076.672286733023	71814.0	73352.0	74126.0	74947.0	103245.0
221	20	928.0	82777.53448275862	5678.028639668711	78805.0	81037.5	81805.0	82536.0	180630.0
222	22	905.0	103353.60220994476	5334.447181590699	98942.0	100915.0	102016.0	103950.0	191949.0
223	26	1345.0	87072.1464684015	3844.523232344551	83135.0	85506.0	86329.0	87130.0	112897.0
224	1	812.0	99021.05049261084	8259.53151334195	93421.0	95907.25	97084.5	99058.5	214469.0
225	18	1102.0	96868.48638838476	10280.940117235548	81547.0	86343.5	98036.0	100473.75	143178.0
226	25	1116.0	98446.64605734767	30808.511378088442	89413.0	91903.0	93116.5	95481.75	941618.0
227	20	1105.0	85186.72850678733	6150.33979020024	81363.0	83113.0	83786.0	85053.0	206980.0
228	21	1044.0	93190.64750957854	7314.241089119478	88931.0	90523.5	91389.5	93050.75	237485.0
229	6	782.0	99796.0895140665	14934.972862007617	85205.0	87909.5	95723.5	109909.0	291438.0
230	4	596.0	113189.83724832215	8744.876785791637	105517.0	110355.25	111663.0	113210.75	264604.0
231	7	920.0	85562.10978260869	4543.016545400938	81916.0	83654.0	84608.5	85696.75	133000.0
232	8	1087.0	82347.86292548299	3873.385395762089	78610.0	80390.0	81505.0	82770.5	107366.0
233	9	866.0	93658.72517321016	5587.364334501898	89288.0	91376.5	92558.5	93731.25	192187.0
234	10	686.0	111430.56268221575	8117.661834336852	106504.0	108777.5	110014.0	111750.75	258683.0
235	11	988.0	84920.7914979757	4686.5185142324735	80093.0	82713.75	83763.5	85580.5	115325.0
236	13	600.0	122689.93333333333	18941.527381077332	113067.0	115392.5	117023.0	119702.25	309896.0
237	14	627.0	90259.41626794258	5114.504288353034	86110.0	88055.0	89028.0	90164.0	157931.0
238	27	1284.0	88531.92990654205	7264.678291851141	82873.0	86032.75	86941.0	88614.75	266095.0
239	22	816.0	108713.01593137255	4615.000958702569	104043.0	106400.5	107508.5	109466.25	141848.0
337	3	912.0	123994.8826754386	5090.928631163762	118287.0	120886.25	122655.5	125040.75	170108.0
338	1	919.0	101076.80957562568	37312.55854575753	88358.0	90962.0	92981.0	99156.0	1097260.0
339	2	1041.0	104026.1171950048	22763.450202904176	97054.0	99854.0	101804.0	105120.0	800555.0
340	17	985.0	118109.44670050761	39401.01940286844	102061.0	109337.0	112433.0	117932.0	1026445.0
341	4	1320.0	89306.26666666666	4202.255380223413	84357.0	87024.75	88243.5	90126.75	131181.0
342	6	1381.0	85808.72845763939	14587.540196613187	75192.0	77715.0	79853.0	83067.0	155664.0
343	5	1293.0	93885.030162413	4470.637947168422	89165.0	91428.0	92738.0	94903.0	149240.0
344	7	1445.0	82746.44152249135	5628.5297222284225	76972.0	80291.0	81382.0	83222.0	160274.0
345	12	1251.0	107433.16067146283	14992.3729499157	98766.0	101377.5	102914.0	105481.5	364173.0
346	9	1133.0	99351.35216240071	8114.97548610015	90874.0	95376.0	97257.0	99525.0	165709.0
347	10	1382.0	80806.17366136034	9125.136350099556	75824.0	78232.0	79655.5	81233.0	357935.0
348	11	1379.0	89089.87599709934	7763.736637473542	82362.0	85832.5	87588.0	89884.0	237405.0
349	13	920.0	122916.42608695652	16387.614163199192	109069.0	113355.75	116331.0	126008.0	193630.0
350	14	1105.0	88298.86968325792	3889.9595708791917	84139.0	86258.0	87450.0	89260.0	129714.0
351	15	1205.0	118746.38921161825	13656.003172532672	107976.0	112959.0	114301.0	117807.0	344180.0
352	22	930.0	104808.70215053763	16903.537314994577	93474.0	96778.25	98268.0	102400.75	165351.0
353	35	1097.0	198826.32452142207	410086.57930151484	110257.0	116129.0	126438.0	159664.0	2942501.0
354	18	1649.0	80874.46027895695	14937.324310532962	73851.0	77043.0	77919.0	79692.0	477507.0
355	24	1187.0	110506.40690817186	14308.012555219653	101274.0	104253.0	105999.0	108422.5	166921.0
841	1	1083.0	95618.77377654663	19581.75074808305	88947.0	91708.0	93421.0	95951.0	708170.0
842	2	1128.0	106844.6719858156	5981.515977732365	100571.0	103482.25	105339.0	107495.75	171696.0
843	17	1284.0	105659.2507788162	4713.76343607666	98993.0	102969.5	104369.5	106625.75	137278.0
844	5	1302.0	95400.36559139784	5724.630527365845	89703.0	92654.0	94108.5	95923.5	174976.0
845	4	1491.0	92749.42052313883	4905.421113307249	86727.0	90099.5	91549.0	93594.5	119895.0
846	6	1604.0	99203.54301745637	129071.0225053205	76234.0	80656.75	82048.0	84489.75	1314798.0
847	7	1488.0	220450.71505376344	912386.7704067893	76956.0	92365.5	103315.0	121544.75	7507547.0
848	12	1343.0	107504.34549516009	4768.903234432599	101852.0	104573.5	106252.0	108488.5	147804.0
849	9	1075.0	104956.72372093023	8702.308034724685	93391.0	98251.0	101233.0	111696.5	138918.0
850	20	1273.0	100239.72191673213	4886.817703952696	94302.0	97675.0	99300.0	101324.0	144536.0
851	11	1489.0	94755.08797850907	9661.362081428491	83415.0	88043.0	90895.0	101502.0	151214.0
852	13	888.0	120528.80518018018	13071.562008969555	109883.0	114286.75	116781.5	119560.25	196805.0
853	14	889.0	95309.73903262093	36726.81926659084	86187.0	88778.0	90323.0	92231.0	1098880.0
854	15	1335.0	120600.50561797753	10337.234568443313	108454.0	115429.5	117637.0	121117.0	196634.0
855	22	1221.0	104489.39803439804	9922.78877347886	96568.0	99641.0	101537.0	104201.0	153934.0
856	35	1205.0	108893.22904564315	11557.490790726466	99605.0	103002.0	105626.0	108316.0	167274.0
857	68	1186.0	93231.47723440135	6071.983395982294	87249.0	90190.75	92004.0	94041.25	191592.0
858	24	1172.0	108615.13651877134	5387.795125344638	102612.0	105498.75	107648.5	109571.5	174331.0
859	18	1552.0	79987.84020618557	3793.017826696455	75324.0	78011.0	78986.5	80573.25	125881.0
860	1	1044.0	98469.92911877394	13765.035674302397	89187.0	92173.25	94079.5	96656.5	173810.0
861	2	1270.0	179399.37637795275	401990.8096812273	100722.0	109108.25	121541.5	131886.25	3138842.0
862	17	1291.0	104809.6096049574	6398.845294890219	99960.0	102383.5	103462.0	105045.5	255723.0
863	3	1289.0	101989.5539177657	5155.05566841811	96379.0	99257.0	100696.0	102391.0	147705.0
864	4	1359.0	91803.58646063283	4482.061143322594	86250.0	89405.0	90758.0	92090.0	124682.0
865	6	1446.0	82576.82849239281	6496.007414697928	77296.0	80041.0	80722.5	81836.0	135620.0
866	7	1537.0	80304.94339622642	3290.0398971423915	75752.0	78427.0	79582.0	81104.0	102436.0
867	12	1210.0	110761.68181818182	11211.767853277272	102163.0	105602.0	107048.5	109305.25	177687.0
868	9	1097.0	99808.07019143118	5216.526669377953	94608.0	97042.0	98669.0	100620.0	157158.0
869	10	1580.0	83038.70379746835	4261.547035350084	78725.0	80722.75	82288.0	83644.0	126708.0
870	11	1621.0	89435.71992597163	4068.4666483115843	84136.0	87183.0	88471.0	90041.0	113541.0
871	13	820.0	124004.40853658537	18072.36371194768	112822.0	116049.25	118120.0	120702.5	187963.0
872	14	1189.0	91499.33137089992	3758.2192743381297	87239.0	89654.0	90718.0	91889.0	121534.0
873	15	1280.0	123570.73359375	15493.881209940162	111033.0	116055.5	117670.0	121318.0	371753.0
874	22	1088.0	102524.97334558824	9366.143687319023	95774.0	98695.75	100150.0	101907.75	173742.0
875	35	1126.0	107175.92539964477	4424.152749596601	102037.0	104563.0	106197.5	108109.5	150991.0
876	68	1368.0	92968.06944444444	4147.77767489802	88203.0	90850.0	92378.0	93797.25	151343.0
877	24	1083.0	116403.74515235458	16154.518693531252	103964.0	107669.5	109247.0	112753.0	169694.0
878	69	1250.0	104841.8456	4320.2813640099885	99347.0	102148.5	104099.0	106033.25	133310.0
879	18	1395.0	89864.10537634409	10469.816735137585	78069.0	82003.5	87806.0	92630.5	150470.0
880	1	1124.0	94959.43505338079	5283.45542594868	89274.0	92260.5	93537.5	95395.75	132441.0
881	2	1089.0	108082.01285583104	9788.90250505699	99199.0	102710.0	104380.0	107886.0	221724.0
882	17	1049.0	104690.33746425167	4594.977035275748	96808.0	102091.0	103797.0	105184.0	137875.0
883	3	1206.0	102525.87147595357	5856.945650770713	96961.0	99818.5	101141.5	102846.5	190162.0
884	4	1323.0	91925.91761148904	6104.794915034336	86217.0	89300.0	90714.0	92091.0	213187.0
885	6	1503.0	106209.10978043912	161353.75203927254	76577.0	81568.5	82706.0	84560.0	1612127.0
886	7	1460.0	80961.11849315069	3498.557655464478	76182.0	79059.75	80396.5	81784.5	102836.0
887	9	1109.0	107805.83588818756	18246.228776173597	93401.0	97773.0	99600.0	106165.0	165299.0
888	20	1182.0	102192.11505922166	12204.353561314841	93468.0	96885.5	98553.0	100367.0	257666.0
890	11	1394.0	89550.49067431851	4440.024545955282	84069.0	87255.5	88628.0	90075.75	114035.0
891	13	890.0	116210.28764044945	4168.166381460391	110756.0	113484.0	115477.0	117043.5	140284.0
892	14	1069.0	89949.15528531338	3859.8973354589843	85849.0	88065.0	89306.0	90224.0	122897.0
893	15	1268.0	118799.22160883281	12929.220083188802	108574.0	112806.25	114239.0	116543.5	176299.0
894	35	1150.0	113402.79565217391	15376.747819338974	101380.0	105298.0	107083.5	111225.5	180237.0
895	22	1006.0	100004.58051689861	4843.978657345019	94587.0	97591.25	98919.5	100415.75	151257.0
896	68	1201.0	92783.9950041632	5174.935174148724	87679.0	90338.0	91828.0	93208.0	162390.0
897	24	1145.0	108937.90917030568	4569.504217739443	103434.0	106763.0	108089.0	109263.0	139089.0
898	69	1170.0	107876.42991452992	12887.15418725104	99856.0	102808.75	104428.0	105753.25	170269.0
899	18	1441.0	79551.76058292852	3599.9728946125715	75436.0	77728.0	78741.0	79882.0	107301.0
900	1	947.0	100366.24498416051	26279.06687336606	92478.0	94729.0	95922.0	98500.5	841218.0
901	2	980.0	110075.0418367347	7265.143497418649	103066.0	106975.75	108393.5	110117.25	212008.0
902	3	1113.0	105863.46540880503	10810.87733326276	97020.0	101042.0	102334.0	104406.0	237745.0
903	17	1140.0	105910.76403508772	4914.467255839047	100402.0	103632.0	104755.0	106263.5	177920.0
904	4	1361.0	93876.15503306393	4208.738221763077	88918.0	91938.0	92881.0	94282.0	121157.0
905	6	1280.0	86113.0328125	11143.044948438717	78479.0	81276.75	82004.0	84010.5	161140.0
906	7	1174.0	86272.66950596252	13728.243455862597	78504.0	79913.0	80728.0	82294.5	149693.0
907	70	1453.0	75599.87749483826	4304.587955071145	72142.0	73854.0	74779.0	75893.0	158714.0
908	9	920.0	180681.68260869564	524170.262937231	97176.0	99437.5	100927.5	102561.25	3803459.0
909	10	1310.0	85535.87099236641	7127.409485030416	79908.0	82862.75	83665.5	84970.5	135368.0
910	11	1226.0	98855.57259380099	14496.34449116613	85724.0	89525.0	91046.5	106594.5	149519.0
911	13	858.0	117314.94172494173	4672.095439511049	110511.0	114888.5	116211.0	117887.5	165961.0
912	14	1084.0	91257.94926199262	3757.915642259583	88004.0	89656.5	90483.5	91279.75	122312.0
913	15	1141.0	121152.02892199825	13827.56672858147	110417.0	114557.0	115840.0	118818.0	200433.0
914	22	909.0	155868.39273927393	176067.85088570172	111600.0	115537.0	117455.0	138635.0	1300684.0
915	71	1030.0	105796.80097087378	4136.016949929722	100896.0	103851.5	104878.0	106153.25	131378.0
916	69	852.0	108864.56807511736	12556.09661913721	101379.0	104251.5	105191.0	106379.0	174585.0
917	18	1231.0	77145.1121039805	4350.2602253282375	73555.0	75306.5	76065.0	76897.0	108299.0
918	24	1012.0	109714.9861660079	4607.339274109521	104496.0	107624.5	108723.5	109887.75	137257.0
926	1	703.0	97062.15504978663	11838.111104097747	90945.0	92651.5	93850.0	95153.5	166959.0
927	2	942.0	110629.91613588111	10087.015461297013	102062.0	105928.25	107384.0	109558.25	166724.0
928	17	1012.0	107993.15316205533	7958.283224699286	102208.0	104296.75	105459.5	107487.25	160586.0
929	3	1019.0	102143.04612365064	5850.689458543042	96311.0	99648.0	100805.0	102275.0	204028.0
930	4	1242.0	94366.14251207729	4380.282962113659	88270.0	92254.5	93318.0	94851.25	124449.0
931	6	1429.0	84532.03079076277	9921.898340031488	78063.0	80467.0	81129.0	83227.0	171051.0
932	7	1331.0	80396.10743801652	3629.3846032382444	76987.0	78794.0	79657.0	80781.0	134767.0
933	70	1062.0	78207.28342749529	13698.689725714747	71235.0	72657.5	73516.0	74773.25	142352.0
934	9	721.0	108001.61165048544	13336.56835344825	96610.0	99412.0	102008.0	112028.0	187796.0
936	11	1307.0	93509.93267023719	11124.141493246683	84821.0	88614.0	89780.0	91826.5	154423.0
937	13	736.0	119295.94565217392	11190.08679787521	112416.0	115625.0	116943.0	119300.75	347531.0
938	14	935.0	90377.70695187166	4200.509757443973	86672.0	88429.0	89366.0	90804.0	139892.0
939	15	1068.0	121017.76029962547	16170.137305089635	110041.0	112777.75	114105.0	118271.25	257359.0
940	22	1042.0	101991.42802303263	5871.595004210481	96145.0	99584.75	100717.5	102224.25	202315.0
941	71	848.0	111658.81014150943	17926.612580784087	100071.0	102761.0	104140.5	107100.0	199317.0
942	69	837.0	120262.10513739545	16325.032462681145	100666.0	106730.0	117369.0	127811.0	185741.0
943	32	1261.0	87335.40919904837	9041.321391031033	80521.0	83382.0	84365.0	86652.0	150636.0
944	18	1327.0	78785.46194423511	3936.7206462137915	74832.0	76866.5	77790.0	78729.0	106368.0
945	24	1033.0	109684.11519845111	4989.419358616297	104517.0	107363.0	108466.0	109716.0	152739.0
948	1	1017.0	115614.2831858407	146772.44552181844	88997.0	92738.0	93508.0	94769.0	1243269.0
949	3	1002.0	100449.44710578842	5302.208043971404	94482.0	97895.5	99278.0	100733.0	141635.0
950	17	1223.0	107720.79067865903	11237.103291768033	99824.0	102666.0	103627.0	105586.5	170226.0
951	71	973.0	107195.69886947585	14246.264418631452	99094.0	102395.0	103408.0	104690.0	190199.0
952	4	1234.0	93990.02998379254	8381.8330441957	86948.0	90520.5	91744.5	92785.25	133185.0
953	6	1357.0	95728.84008843036	18679.76633169458	77939.0	81342.0	91551.0	100215.0	292561.0
954	7	1371.0	79753.7359591539	4253.487497775818	75599.0	77856.5	78776.0	79793.5	113014.0
955	73	1028.0	111348.16147859923	4466.056810265249	106485.0	108832.25	110387.0	112026.0	143198.0
956	70	1416.0	74946.18290960453	10501.1668311328	68411.0	70772.75	71726.0	72958.0	138173.0
957	9	970.0	113489.77319587629	24823.48626396623	95548.0	98223.75	100633.0	116118.75	225693.0
958	11	1511.0	87848.5612177366	3695.4627865370758	83086.0	86191.0	87059.0	88271.5	112249.0
959	10	1416.0	82800.56073446327	3678.9204009396644	78442.0	80933.5	81967.5	83068.5	113379.0
960	13	756.0	144289.09391534392	153100.59394701116	111583.0	114507.5	115679.0	118086.0	1160189.0
961	14	1020.0	90429.14215686274	26314.65312792047	85340.0	87365.0	88375.5	89735.75	914219.0
962	15	1167.0	116025.70951156813	11702.36768680995	107187.0	111896.0	113063.0	114523.0	211999.0
963	2	1040.0	105918.61442307693	11854.73063261584	96424.0	100084.75	101845.0	103283.75	159738.0
964	22	1155.0	99930.42943722944	3881.1561961023217	95118.0	98050.5	99198.0	100513.5	130216.0
965	69	1078.0	107481.71150278293	7360.823062482544	99877.0	104382.25	105554.0	106963.5	157317.0
966	32	1479.0	86322.61189993238	6769.120584435189	81134.0	83829.0	84712.0	85566.0	129450.0
967	18	1292.0	153655.55417956656	292332.76002978696	85305.0	88410.5	99789.5	121061.5	2126744.0
968	24	1008.0	108479.96230158731	4641.017681364326	103729.0	106380.0	107296.5	108880.5	152619.0
969	1	942.0	91105.88853503185	8234.998513014298	86538.0	88769.75	90147.0	91258.25	296773.0
970	17	903.0	107367.67552602437	19170.568596369943	95378.0	98208.0	99738.0	102473.0	183210.0
971	3	885.0	100056.30734463276	10909.372753451878	92798.0	95766.0	97056.0	98441.0	166092.0
972	71	828.0	103805.56400966183	11950.145581907685	96844.0	99215.5	100360.5	101934.0	157957.0
973	4	1108.0	89566.00631768953	7864.0691314028445	83593.0	86754.25	87598.0	88723.0	160999.0
974	6	1414.0	80751.66831683168	8845.854876998152	74820.0	77200.0	77821.0	78869.5	124569.0
975	7	1172.0	81126.52133105801	11289.550555607746	74551.0	76841.25	77575.0	78744.75	176877.0
976	73	824.0	149324.75	197297.0380960969	103441.0	106902.5	108692.5	126501.25	1703939.0
977	70	1197.0	70445.01169590643	3156.3616657072166	67411.0	69098.0	69872.0	70856.0	102663.0
978	9	889.0	97780.81439820022	11210.019596806396	90621.0	93519.0	94448.0	95820.0	163389.0
979	11	1255.0	87078.5250996016	11547.715190339277	80182.0	82633.5	83576.0	85107.5	136819.0
980	13	780.0	116336.5435897436	15325.554006346234	106577.0	110236.5	111721.0	113985.25	199349.0
981	14	1001.0	87423.60739260739	3957.031604461265	83361.0	85800.0	86602.0	87698.0	121628.0
982	15	845.0	130159.12071005917	26074.836162705837	105008.0	109341.0	123581.0	133230.0	220969.0
983	2	1024.0	98476.3115234375	3445.659191866579	94080.0	96901.0	98021.5	98940.0	119607.0
984	22	884.0	100707.1278280543	11004.14215569462	93144.0	95590.0	96768.0	98220.0	152782.0
985	69	933.0	102314.0332261522	3767.4112387723067	97766.0	100722.0	101659.0	102736.0	133708.0
986	32	1225.0	83242.02204081633	5490.149377588856	78785.0	81367.0	82062.0	83199.0	131283.0
987	18	1167.0	78541.67694944302	13580.55042919363	71044.0	73750.0	74524.0	75713.0	139111.0
988	24	1031.0	104873.02521823472	3572.9967669242023	100650.0	103100.0	104266.0	105513.0	132210.0
989	1	937.0	93258.0576307364	10615.771660886308	85945.0	88303.0	89944.0	91259.0	140530.0
990	3	997.0	98676.89769307924	6910.191025841411	93740.0	95607.0	96597.0	98073.0	177106.0
991	17	1115.0	103177.9802690583	11557.627361824694	95785.0	98595.5	99682.0	101317.0	162901.0
992	73	841.0	121717.24019024971	23350.44329943942	105149.0	107763.0	109676.0	121811.0	216382.0
993	4	1016.0	89232.64173228346	16487.287552266556	78441.0	81718.75	83056.0	84797.25	157134.0
994	6	1513.0	79857.7495042961	4605.666977422423	74260.0	78302.0	79036.0	79731.0	147991.0
995	7	1182.0	79538.20558375634	11267.494754824349	73864.0	75663.75	76557.5	77542.5	159229.0
996	34	915.0	103984.57267759563	15757.5188674384	94225.0	96916.0	98623.0	100103.0	219223.0
997	70	1239.0	70745.09523809524	4460.987953085984	66957.0	69133.0	69709.0	70578.0	113141.0
998	9	898.0	101208.1258351893	14994.714665971933	90696.0	93952.5	95265.0	96895.25	174472.0
999	10	1250.0	83211.08	10275.362439359897	75545.0	78769.0	80044.0	81257.75	145657.0
1000	11	1230.0	85054.30162601625	3958.1428491859715	80012.0	83056.5	84133.0	85373.0	106822.0
1001	13	690.0	116911.71594202898	24002.165419193756	106286.0	108900.0	110436.0	112207.0	524604.0
1002	14	925.0	88633.80972972974	10501.773962416895	82497.0	84767.0	85910.0	86818.0	143966.0
1003	15	1145.0	111642.22008733625	13598.034621799028	101905.0	106138.0	107752.0	109401.0	171298.0
1004	71	948.0	101254.53375527426	4643.857583801108	95861.0	99111.75	100474.0	101950.25	172468.0
1005	22	976.0	100938.49487704918	12974.261210999868	92318.0	95074.75	97036.0	98306.0	162226.0
1006	69	931.0	102935.62620837809	6506.068633051687	97392.0	100217.0	101451.0	102897.5	149206.0
1007	32	1242.0	85640.42431561997	6444.47809940567	78741.0	82347.25	84130.0	85230.0	123872.0
1008	18	1318.0	74915.37253414265	3198.4388710604117	70540.0	73307.25	74517.0	75455.5	102275.0
1009	24	938.0	111006.37206823028	15157.091898049614	100867.0	104119.25	105801.0	107694.75	168297.0
1010	1	1038.0	90420.98265895953	4279.495719137204	85580.0	88682.0	89368.0	90879.0	148213.0
1011	3	1081.0	100355.92691951897	8041.472837573479	93411.0	96916.0	98086.0	99401.0	152214.0
1012	17	1046.0	100897.12045889102	5412.732919533629	94742.0	98594.75	99805.0	101003.0	146586.0
1013	73	947.0	110312.68743400212	6980.738838926318	103009.0	107027.0	108320.0	110604.5	167246.0
1014	4	1274.0	87557.53924646782	12068.851371549195	78492.0	82443.0	83741.0	85281.75	166477.0
1015	6	1489.0	80587.34654130289	7184.807470575466	74279.0	77539.0	78582.0	79840.0	126558.0
1016	7	1310.0	78023.66946564885	3246.2521221007173	73078.0	76748.25	77433.0	78452.25	126344.0
1017	34	1036.0	97771.85907335907	4155.86059027742	92740.0	95721.5	96846.5	98315.25	124465.0
1018	70	1401.0	70587.27123483227	2782.1792215212936	67475.0	69341.0	70047.0	70907.0	95141.0
1019	9	913.0	95101.0273822563	10913.488569815967	87369.0	90589.0	91755.0	93164.0	169629.0
1020	10	1054.0	98449.84155597723	15965.895115586793	76645.0	90338.25	93392.0	107765.0	175154.0
1021	11	1358.0	83529.30854197349	3255.6991931604416	77103.0	81981.25	83132.5	84202.5	112034.0
1022	13	784.0	116425.1211734694	17688.98632092655	106409.0	109341.75	110761.5	112530.25	194682.0
1023	14	990.0	87150.30101010101	5567.203926701017	81779.0	84680.5	85710.5	86830.5	128219.0
1024	15	1162.0	116809.92685025817	17738.027948918345	102301.0	107833.75	109253.0	112278.5	188020.0
1025	71	900.0	107043.69111111111	16899.23927275777	95761.0	99024.25	100845.0	103062.5	198117.0
1026	22	986.0	96641.84888438134	3980.4246750044827	90983.0	94729.5	96108.5	97244.75	123231.0
1027	32	1370.0	83379.45182481752	6151.528076317165	79232.0	81080.25	81965.5	83533.75	204844.0
1028	69	1030.0	102680.34757281553	4164.615622171665	96169.0	100749.25	101797.0	103341.75	135518.0
1029	18	1381.0	78582.8472121651	10878.301738421591	70698.0	73826.0	74823.0	76502.0	139143.0
1030	24	1075.0	105010.0269767442	4371.655214551353	99283.0	103215.0	104341.0	105545.5	181543.0
1031	70	1140.0	76532.74649122807	13794.205459463381	67475.0	69589.0	70567.5	72035.0	138665.0
1032	70	1226.0	71366.455954323	8447.074788357162	65619.0	68539.25	69334.0	70325.25	135603.0
1033	11	1327.0	84210.76940467219	7200.723472399924	76627.0	80930.5	82221.0	84250.5	204294.0
1034	9	895.0	102457.77988826815	21454.931758513205	87097.0	90778.5	92047.0	95814.5	167254.0
1035	9	1025.0	93384.48975609757	4262.738231995263	88451.0	91523.0	92499.0	93520.0	119345.0
1036	4	1274.0	85305.00706436421	3825.6729715105193	78183.0	83509.25	84778.5	85702.75	132577.0
1037	13	766.0	115836.79112271541	16161.843497489976	107483.0	109559.0	110615.0	112222.0	187938.0
1038	14	924.0	121092.0	214453.39898188115	82746.0	85054.0	86017.0	86969.0	1685363.0
1039	76	778.0	141405.24550128536	245611.0839223855	78833.0	82915.25	84312.5	104865.0	1617695.0
1040	71	946.0	108128.07505285412	20209.945360352544	97030.0	100002.25	101378.5	102956.75	187172.0
1041	20	1017.0	96281.74041297936	10029.170141337061	88139.0	91980.0	93224.0	94916.0	161592.0
1042	75	1288.0	83516.84860248448	4546.807581048618	78750.0	81712.75	82595.0	83707.0	120063.0
1043	21	1128.0	84147.57180851063	12532.760532692577	75484.0	79000.0	79895.5	81237.75	145144.0
1044	5	1076.0	108180.39219330855	9934.274300411116	96806.0	102378.5	104458.0	112115.75	256506.0
1045	3	1016.0	128509.26279527559	169140.9300956586	92014.0	95069.75	96807.5	100298.25	1354973.0
1046	3	1531.0	63150.25930764207	10499.494942289992	55404.0	58048.0	58727.0	59958.0	121524.0
1047	24	1043.0	107039.39693192713	11290.80826827429	100926.0	102617.0	103639.0	105329.0	164251.0
1051	78	1112.0	90765.27158273381	5555.480999670288	83196.0	88037.75	89431.5	91223.0	151932.0
1052	3	1026.0	100322.85282651072	11146.757069901183	92090.0	95713.0	96787.5	98119.25	158001.0
1053	21	1124.0	117208.33629893238	189716.40742847737	76702.0	80035.25	88266.0	96609.75	1772740.0
1054	75	1244.0	87315.56591639871	12159.189967502127	79849.0	82585.5	83425.5	84663.0	142886.0
1055	4	1246.0	86325.77929373996	8162.403592587035	78149.0	83155.5	84381.0	85588.75	160997.0
1056	6	1418.0	77457.93159379407	3054.318971543849	72909.0	75954.0	76734.0	77919.5	98076.0
1057	73	941.0	151572.06376195536	266882.0304899378	104481.0	106651.0	107954.0	111823.0	2210714.0
1058	70	1296.0	71218.45216049382	3680.45360946919	67058.0	69852.75	70551.0	71578.0	123661.0
1059	34	1051.0	100615.9590865842	3679.302963391264	96404.0	98995.0	99999.0	101084.5	123242.0
1060	70	1336.0	72039.09131736527	7949.566020748973	66200.0	69234.0	69995.5	71098.0	120589.0
1061	9	969.0	138947.17750258	297225.4936510268	88617.0	92569.0	93340.0	94577.0	2253574.0
1062	11	981.0	109608.4240570846	183987.63914494973	78394.0	82580.0	83420.0	84717.0	1606873.0
1063	13	20.0	225823.95	12173.995436671777	207071.0	216573.5	225449.0	235694.5	245276.0
1064	39	1361.0	77115.78912564291	3624.896237103072	71097.0	75499.0	76491.0	77698.0	124387.0
1065	14	889.0	92951.86951631046	16316.300876332505	84812.0	86444.0	87158.0	88104.0	164572.0
1066	71	1025.0	104673.47804878048	9581.372126064261	97423.0	100797.0	101715.0	103463.0	199316.0
1067	5	1147.0	95841.55710549258	3845.6604015555167	90432.0	94250.0	95123.0	96283.5	160070.0
1069	69	1044.0	103737.56417624521	4952.664490340852	98485.0	101372.5	102539.5	104108.5	149128.0
1070	32	1259.0	85128.55679110406	10278.949816244478	77774.0	81359.5	82243.0	83546.0	140003.0
1071	18	1360.0	79611.81911764706	12211.4784019171	71010.0	74555.0	75624.0	77346.0	149633.0
1072	77	841.0	154924.338882283	229069.23744712566	90734.0	93484.0	95604.0	114364.0	1307962.0
1073	24	998.0	93919.29258517035	12318.335292632291	86103.0	88947.5	90015.0	91288.5	166262.0
1074	3	1123.0	103134.85930543188	10013.775460576286	94570.0	98519.0	99836.0	101891.0	163846.0
1075	77	816.0	102404.99632352941	17330.29260735168	91634.0	94476.25	95847.0	98057.5	184684.0
1076	1	1042.0	92135.94049904031	17548.098858805643	80260.0	83755.25	85020.5	87191.75	160036.0
1077	21	1131.0	89187.02033598586	14609.004480342448	78446.0	81666.0	82399.0	92407.5	150834.0
1078	79	1055.0	99879.37061611374	14088.711504593566	91361.0	94144.5	95109.0	96595.5	177593.0
1079	4	1230.0	90071.61056910569	4532.823770183433	84108.0	88054.25	89122.0	90237.0	135888.0
1080	6	1176.0	110229.84353741497	147863.43528565785	74693.0	78775.5	85113.5	98943.25	1297841.0
1081	73	889.0	112709.17547806524	9152.600210134831	106046.0	108726.0	110109.0	111215.0	164653.0
1082	7	1262.0	82985.41204437401	11092.067673494594	75749.0	78157.75	79088.0	79988.25	140984.0
1083	9	811.0	164764.65721331688	442914.45723865886	90510.0	93422.0	94503.0	95576.0	3204155.0
1084	70	1323.0	72462.10355253212	4888.207875757869	67275.0	70468.0	71332.0	72107.0	113302.0
1085	34	953.0	102989.11437565583	10328.507580114985	95781.0	99218.0	99900.0	100786.0	164819.0
1086	11	1382.0	86660.92764109986	6140.987301642244	81386.0	83989.75	85013.0	85948.75	123576.0
